Category: All categories,
,
Week,metaverse: (United States)
3/29/2020,0
4/5/2020,<1
4/12/2020,<1
4/19/2020,1
4/26/2020,0
5/3/2020,1
5/10/2020,<1
5/17/2020,1
5/24/2020,<1
5/31/2020,<1
6/7/2020,<1
6/14/2020,<1
6/21/2020,1
6/28/2020,<1
7/5/2020,<1
7/12/2020,1
7/19/2020,<1
7/26/2020,<1
8/2/2020,<1
8/9/2020,<1
8/16/2020,1
8/23/2020,<1
8/30/2020,<1
9/6/2020,<1
9/13/2020,<1
9/20/2020,<1
9/27/2020,<1
10/4/2020,1
10/11/2020,<1
10/18/2020,<1
10/25/2020,<1
11/1/2020,<1
11/8/2020,<1
11/15/2020,<1
11/22/2020,<1
11/29/2020,<1
12/6/2020,<1
12/13/2020,<1
12/20/2020,<1
12/27/2020,<1
1/3/2021,<1
1/10/2021,<1
1/17/2021,<1
1/24/2021,<1
1/31/2021,<1
2/7/2021,<1
2/14/2021,<1
2/21/2021,<1
2/28/2021,1
3/7/2021,<1
3/14/2021,1
3/21/2021,2
3/28/2021,1
4/4/2021,2
4/11/2021,8
4/18/2021,10
4/25/2021,5
5/2/2021,8
5/9/2021,3
5/16/2021,4
5/23/2021,2
5/30/2021,2
6/6/2021,<1
6/13/2021,1
6/20/2021,1
6/27/2021,2
7/4/2021,1
7/11/2021,1
7/18/2021,3
7/25/2021,5
8/1/2021,3
8/8/2021,2
8/15/2021,4
8/22/2021,3
8/29/2021,4
9/5/2021,3
9/12/2021,3
9/19/2021,3
9/26/2021,5
10/3/2021,5
10/10/2021,5
10/17/2021,33
10/24/2021,100
10/31/2021,82
11/7/2021,68
11/14/2021,61
11/21/2021,64
11/28/2021,81
12/5/2021,65
12/12/2021,68
12/19/2021,57
12/26/2021,63
1/2/2022,55
1/9/2022,54
1/16/2022,78
1/23/2022,66
